"long","lat"
"1",-86.5962459161957,73.836782416843
"2",-86.3645793875741,73.8466121850634
"3",-86.2148392128642,73.8466321786591
"4",-85.8679906985128,73.8368849444582
"5",-85.569022388805,73.8237212262656
"6",-85.33206478316,73.8065466959405
"7",-85.16547221372,73.7861290478954
"8",-85.0776259620859,73.7632350554473
"9",-85.0437504927218,73.7409585182702
"10",-85.029934403652,73.7186522440293
"11",-85.0379563591392,73.6952166440809
"12",-85.0695950234459,73.6695483526971
"13",-85.1266380439875,73.6405366129062
"14",-85.2108730681794,73.6070589080538
"15",-85.5753914441694,73.4875206974639
"16",-85.7713409570944,73.4161514192777
"17",-85.9361189296605,73.3446651763927
"18",-86.0623771428435,73.2762713611297
"19",-86.5242639124792,72.9302511131008
"20",-86.6436500137387,72.8092500432053
"21",-86.6644280462604,72.7596942660848
"22",-86.6599544361454,72.7134224253333
"23",-86.6307502062587,72.6673834631702
"24",-86.5773453626178,72.618491317743
"25",-86.4083542913692,72.5001898928861
"26",-86.3647321011724,72.4546894334191
"27",-86.3577162588034,72.405319335469
"28",-86.3940261625875,72.2471832680459
"29",-86.4035932203634,72.1346778353855
"30",-86.3508621131856,72.0339753747239
"31",-86.2360753861808,71.9162573091698
"32",-86.1448065533143,71.850063050998
"33",-86.0662039659538,71.8061345032546
"34",-85.859438737008,71.7072803011484
"35",-85.4917223586065,71.5588498845105
"36",-85.0665138020214,71.4195330255446
"37",-84.9642585732301,71.3721744441987
"38",-84.9447920810232,71.3522706821995
"39",-84.9451244576783,71.3339708928829
"40",-84.9642585732301,71.3165832897965
"41",-85.0012242471716,71.2994133665019
"42",-85.0388277249648,71.2906555738067
"43",-85.4360537604496,71.2401694727196
"44",-85.8177838572834,71.2066224225704
"45",-86.0234531415826,71.1676044328677
"46",-86.2941245198406,71.0982089221111
"47",-86.5021743396427,71.0541243612226
"48",-86.5411252903621,71.040834744117
"49",-86.5695659522573,71.0130945973904
"50",-86.5329506212766,70.989462209021
"51",-86.4323572757609,70.9767496717256
"52",-86.3775420771239,70.9763982996049
"53",-86.2554789963178,70.9853358490629
"54",-86.045713394323,71.0221090258273
"55",-85.8566629427801,71.0707070076455
"56",-85.7275391038407,71.0965122806535
"57",-85.1024194639276,71.1700110935177
"58",-85.0135042171055,71.1681437825912
"59",-84.9631177128192,71.1497104657785
"60",-84.9443788559925,71.0773501336483
"61",-84.8963549209035,71.0537393657803
"62",-84.8242741025057,71.0477797252933
"63",-84.7835714369823,71.0524968290824
"64",-84.7212642888757,71.071572489471
"65",-84.6900208832941,71.1002545913916
"66",-84.6615083561761,71.1905455325161
"67",-84.6349631395304,71.4654876450553
"68",-84.6367418037929,71.5571220864007
"69",-84.6591547701317,71.6003042221729
"70",-84.7071876883736,71.6230481890801
"71",-84.7875330073852,71.6410263248322
"72",-85.1835283509308,71.6905924462329
"73",-85.3162724004651,71.7212629668559
"74",-85.4313555715137,71.7693805424995
"75",-85.6479304033621,71.8968230126987
"76",-85.7378607464553,71.9331308563515
"77",-85.8667869560321,71.9631778543047
"78",-85.8884992364493,71.9865245229371
"79",-85.8557286948846,72.0104856410009
"80",-85.7091685562805,72.0435490693899
"81",-85.6454600363307,72.0647647920866
"82",-85.4293792778886,72.1750207897366
"83",-85.3443537362467,72.2099408203984
"84",-85.3009471417181,72.2215962853274
"85",-85.2071181102918,72.2325042365615
"86",-85.0809946444014,72.2324466701169
"87",-85.019073771867,72.221793771882
"88",-84.8936599750511,72.1744570646733
"89",-84.6999382840307,72.111881106144
"90",-84.512235305414,72.0599867974588
"91",-84.4382949743781,72.044922666973
"92",-84.3770837709182,72.037100664773
"93",-84.3281705036979,72.0364967046686
"94",-84.2911509308393,72.0430810260351
"95",-84.2656118273118,72.0568127762336
"96",-84.2511220017789,72.0776429212593
"97",-84.2560807021473,72.1002361284752
"98",-84.3323297034633,72.1411722485198
"99",-84.8144555164503,72.3052824529571
"100",-84.7757111782462,72.3144842687564
"101",-84.6872091564548,72.3242160614274
"102",-84.6305344451797,72.3390970066751
"103",-84.6070704499585,72.358864046141
"104",-84.6090018278193,72.3695517039209
"105",-84.6426167857511,72.3904978532
"106",-84.6783787172119,72.3999066575481
"107",-84.7247677184838,72.4050287810685
"108",-85.025918934332,72.4025439438659
"109",-85.1775545542914,72.4142753638944
"110",-85.3118167566559,72.4373549737915
"111",-85.4182491515184,72.470470548368
"112",-85.5121410650146,72.5230199910236
"113",-85.5816976174639,72.5875043209657
"114",-85.6264606680716,72.6586996133667
"115",-85.645954109737,72.7314581347694
"116",-85.6397018353595,72.8007094898273
"117",-85.6072367209915,72.8614580172542
"118",-85.5480736763793,72.9087712079329
"119",-85.4617455775755,72.9377487890595
"120",-85.4094636280397,72.9425636482784
"121",-85.2869513895915,72.9337973532596
"122",-85.0662353242833,72.9016890506745
"123",-84.7411979050304,72.846489795218
"124",-84.4701761838115,72.7935971909201
"125",-84.3547965687192,72.7776485875361
"126",-84.2654052147964,72.7732302131135
"127",-84.231323132917,72.7754382076694
"128",-84.1640123686779,72.7980237830214
"129",-84.1563856719157,72.8167276150886
"130",-84.1832093662995,72.8371162895307
"131",-84.2457410932271,72.8595545892393
"132",-84.3452834098604,72.8844127106159
"133",-84.6604752935994,72.9428166093478
"134",-85.1301055409842,73.0177300778218
"135",-85.2588790369628,73.047033914177
"136",-85.2815345484282,73.0589401149269
"137",-85.2786240069077,73.0698127763914
"138",-85.2029589105263,73.090858468525
"139",-85.1399241270396,73.0944559137062
"140",-85.0227478813791,73.0893482083719
"141",-84.2143000582829,73.0169560511401
"142",-83.998039636784,73.0036715681963
"143",-83.8777462370875,73.0079485867842
"144",-83.8430712671205,73.0163919084285
"145",-83.810516321224,73.0408353926686
"146",-83.8403673381153,73.0624211506472
"147",-83.9462068448903,73.0831594776525
"148",-84.6973870686238,73.1615032140661
"149",-84.9402735551441,73.1984124330135
"150",-84.9824943734977,73.2094680529785
"151",-85.0136209980924,73.2301870477994
"152",-85.0062278633041,73.2548364097695
"153",-84.9722715455644,73.2812415343862
"154",-84.9175102458445,73.3049225267531
"155",-84.8266456548558,73.3239289224556
"156",-84.7916023756223,73.3225574728666
"157",-84.6784685487403,73.2987433058762
"158",-84.6353404319497,73.2940829003803
"159",-84.5589926159524,73.2978087441009
"160",-84.5044918276649,73.3173671425988
"161",-84.4759254016299,73.3682537355636
"162",-84.4346837469359,73.3995571280542
"163",-84.3596654375591,73.4247923242271
"164",-84.3111294627581,73.4345916704984
"165",-84.1952827237181,73.4474593229288
"166",-84.0928837644813,73.4484855514842
"167",-84.0282050640247,73.4403482405239
"168",-83.7879506412869,73.3818625708757
"169",-83.7059075063883,73.3685622709972
"170",-83.6729842512253,73.3673718077785
"171",-83.6146386735217,73.375189297449
"172",-83.5653660801878,73.3935967942577
"173",-83.5556283425079,73.4047405680019
"174",-83.566713553114,73.4302012350919
"175",-83.6163903883258,73.4579848254981
"176",-83.7617737339077,73.5029607120037
"177",-83.7754101599206,73.5165949373588
"178",-83.7631930720566,73.5243162196172
"179",-83.6005710561724,73.5723917285951
"180",-83.4135867297829,73.6109754215253
"181",-83.178883895501,73.6508744389172
"182",-82.8978639251699,73.6898010530093
"183",-82.7342357961676,73.70705321349
"184",-82.5767431605557,73.7171209472805
"185",-82.2311792370606,73.7249572921641
"186",-81.9501772330352,73.7207802116032
"187",-81.7246911135684,73.7052612479361
"188",-81.6326946453217,73.6932342413302
"189",-81.4900331950507,73.6606044476721
"190",-81.34718309857,73.6040797204877
"191",-81.2917211129284,73.5743172940662
"192",-81.2466795845827,73.5433750097279
"193",-81.1871931464683,73.4773992357673
"194",-81.1470833690323,73.3301763960221
"195",-81.0855936878344,73.2711782236002
"196",-80.9810567382214,73.2270479890727
"197",-80.9120571412482,73.210228369992
"198",-80.7216861662375,73.1767687692077
"199",-80.6515457088535,73.1476331786105
"200",-80.6069892707612,73.0997240328223
"201",-80.5264732718455,72.9350126658732
"202",-80.3856893005183,72.7767229745704
"203",-80.3818175616438,72.7552288158662
"204",-80.4052546074064,72.7106727780782
"205",-80.4709304378284,72.6534508541856
"206",-80.5455984042444,72.60528870045
"207",-80.6258718580334,72.5736171001589
"208",-80.813754499707,72.5331313725412
"209",-81.0158305228696,72.4666009818717
"210",-81.1280480681618,72.4153555441461
"211",-81.2224789708285,72.3495892537677
"212",-81.2156787241277,72.3269270530112
"213",-81.1568660224764,72.305206001977
"214",-81.1090486999027,72.2963546402533
"215",-81.0796827732649,72.3020493895391
"216",-80.8585355166203,72.3838954710792
"217",-80.7223688858535,72.4272522721567
"218",-80.6991294694533,72.431474616858
"219",-80.6596035969521,72.431146518669
"220",-80.5808572791461,72.4068073356414
"221",-80.5882324476288,72.377761181694
"222",-80.7690273817107,72.2553329091906
"223",-80.7958331097888,72.2090158589649
"224",-80.7635027427133,72.1724770155731
"225",-80.6251442226532,72.1282748694735
"226",-80.6034768580003,72.1131089355467
"227",-80.6629902455732,72.0873460719562
"228",-80.8284239882966,72.0572251252868
"229",-80.8645991447881,72.0420590442169
"230",-80.8880092410923,72.0033152531589
"231",-80.8491121892899,71.9675191721987
"232",-80.8074034106482,71.9560699293185
"233",-80.7514473516004,71.9517788264203
"234",-80.7163322071442,71.9559085438196
"235",-80.5529915390327,71.9935791956476
"236",-80.3798951669358,72.0477581599068
"237",-80.3576169478896,72.0603548048912
"238",-80.3359046674724,72.0908877958315
"239",-80.326481340142,72.1757164851815
"240",-80.3106709911415,72.2055104641208
"241",-80.2858595229941,72.2268317039173
"242",-80.2532955939448,72.2394273409852
"243",-80.2142458285441,72.2430331179117
"244",-80.1699409187313,72.2373665788925
"245",-80.0132388005695,72.1734505663051
"246",-79.9664994563368,72.1805608766935
"247",-79.9117201903112,72.1988958831746
"248",-79.9007876933035,72.220337258637
"249",-79.9842771158095,72.2807088555101
"250",-80.0075344985154,72.3116349581201
"251",-80.0075344985154,72.3333456430767
"252",-79.9830733733288,72.3544695919638
"253",-79.8887592516491,72.3951553173097
"254",-79.7878155631726,72.4290394988112
"255",-79.722229564279,72.4384256496414
"256",-79.6714208518092,72.4287954266429
"257",-79.6514782525018,72.4164275188078
"258",-79.6444085112157,72.387739224198
"259",-79.661530400531,72.3275297439268
"260",-79.6505529877591,72.3005965093217
"261",-79.6246276086594,72.2802167186901
"262",-79.5870959960889,72.2671374383037
"263",-79.5412639502931,72.2620996161435
"264",-79.4904552378233,72.2658268074434
"265",-79.4379936252307,72.279035536343
"266",-79.32416809558,72.3313117887486
"267",-79.2620585768359,72.3399745434861
"268",-79.2287580292536,72.3366740228289
"269",-79.1524820784791,72.3146725696103
"270",-79.0427079507596,72.2605395533459
"271",-79.0251189374966,72.2395506505284
"272",-79.0254872467631,72.2176570822932
"273",-79.0803383780114,72.1066819318538
"274",-79.0954390579375,72.0227000138057
"275",-79.0841652011218,71.9865828599254
"276",-79.0315868075422,71.955588551204
"277",-78.9444232755241,71.9294140749172
"278",-78.8389161454043,71.9136025345638
"279",-78.7839751826275,71.9220758595972
"280",-78.7277945447587,71.9412667456499
"281",-78.7141221861344,71.9598899061619
"282",-78.7772378179966,72.0209060797572
"283",-78.7924193462983,72.0585700390413
"284",-78.7749381308693,72.0976571782998
"285",-78.7397870538017,72.099603849534
"286",-78.6169244723927,72.0667425824734
"287",-78.4416362110024,72.0011030860338
"288",-78.3694655610763,71.9507351211504
"289",-78.3137340808495,71.8480537679002
"290",-78.2561880037488,71.8238023025228
"291",-78.1502227328341,71.8040952751792
"292",-78.1390656570053,71.8056997482515
"293",-78.1328852478506,71.8204645780267
"294",-78.1477164331914,71.8910077754026
"295",-78.1273785751589,71.9071676053469
"296",-78.0667602597865,71.9041878771299
"297",-77.8946789839606,71.8744902569257
"298",-77.8006343568661,71.8639570394426
"299",-77.7756522088147,71.8645246644682
"300",-77.7614139115614,71.8735093072915
"301",-77.7698850246907,71.8887683020719
"302",-77.8383456324934,71.9301914838791
"303",-77.9478592487804,71.9730076434584
"304",-78.1905660722439,72.030142852078
"305",-78.2315561986582,72.0500782899341
"306",-78.2931806271488,72.1018263939796
"307",-78.3255738762942,72.1177960108623
"308",-78.3670131603506,72.1257659996424
"309",-78.4863094300817,72.1304857009116
"310",-78.5445382267983,72.1377283172998
"311",-78.6433439248986,72.1638283075014
"312",-78.7082022884121,72.2013261737705
"313",-78.723985687954,72.2228140852624
"314",-78.7231502547398,72.2573642785763
"315",-78.6905144604677,72.2904723014958
"316",-78.6454280163578,72.3000694020571
"317",-78.5864266684968,72.2984415552093
"318",-78.5247124084778,72.2604300702685
"319",-78.4759159222444,72.2411782588514
"320",-78.4472327152225,72.2362401869229
"321",-78.2944562348523,72.267101869184
"322",-78.2086671252189,72.262069510925
"323",-77.9888853078062,72.2245611031947
"324",-77.7282481112718,72.1653415741392
"325",-77.5887217813423,72.1461689390284
"326",-77.451962262488,72.1413788639647
"327",-77.3910025873076,72.1446072742493
"328",-77.2967513476978,72.1627496852769
"329",-77.2677986460906,72.1837439544348
"330",-77.2820728759553,72.2051865176338
"331",-77.3330971840933,72.2231678903796
"332",-77.5067415285136,72.2459342127077
"333",-77.7979753436251,72.3054571968539
"334",-78.2910695862312,72.3873777176664
"335",-78.3973762169539,72.4099377118039
"336",-78.4233195623592,72.4203485071859
"337",-78.4416541773081,72.4457939792308
"338",-78.4382405792284,72.4885247985979
"339",-78.4023618667807,72.5342206576004
"340",-78.3237053805032,72.577060323824
"341",-78.1097446461316,72.6445485464822
"342",-77.9724730875653,72.6758170010313
"343",-77.8198583039463,72.7023545168689
"344",-77.6582064685689,72.7236938117384
"345",-77.4938057884222,72.7393630106262
"346",-77.3329534536478,72.7488948475107
"347",-77.1819376712345,72.7518064090934
"348",-77.0470466481711,72.7476187247828
"349",-76.934595540905,72.7358362432611
"350",-76.7629634227211,72.7016092891015
"351",-76.3699055701546,72.6135877788667
"352",-76.1257165264724,72.5520658482817
"353",-76.0232367188601,72.5476587436157
"354",-75.738650436851,72.5495122295417
"355",-75.5867273560007,72.5388520803859
"356",-75.449761224631,72.5181659171339
"357",-75.3299618983408,72.4881139376282
"358",-75.2295392327291,72.4493375153343
"359",-75.1506941002419,72.4024787632348
"360",-75.0956543227839,72.3481728395936
"361",-75.0666207728012,72.2870453020532
"362",-75.0669621326091,72.2198462422731
"363",-75.0859165851041,72.1971958619732
"364",-75.1206903697523,72.180871512132
"365",-75.1737358872796,72.1701309320104
"366",-75.2475235047172,72.1642272716727
"367",-75.5939677771907,72.1646564924501
"368",-75.7090778976978,72.1612059350141
"369",-75.9074977776541,72.1411199055733
"370",-75.9924334877676,72.1242053658959
"371",-76.1378078501967,72.0759068175523
"372",-76.2596553353346,72.0079469070775
"373",-76.2813047336819,71.9777913606109
"374",-76.253977982739,71.9626549368321
"375",-76.1923625374013,71.9429319239827
"376",-76.1246565144371,71.9334373045978
"377",-76.0930897153532,71.9347187610077
"378",-76.034043451728,71.9493879592984
"379",-75.8991703949703,72.0230382632719
"380",-75.7918396848237,72.0550332050735
"381",-75.6691208338601,72.0737779333877
"382",-75.6055380780502,72.0774134773897
"383",-75.4959975123046,72.0746488701023
"384",-75.4322440765907,72.0674230042407
"385",-75.5759655388969,72.0161861252114
"386",-75.6511275787192,71.9788363324248
"387",-75.8959095104889,71.7766213281789
"388",-75.9041380784915,71.7533071454596
"389",-75.8825605453669,71.7371243460693
"390",-75.8169206475563,71.717484353161
"391",-75.7722474284771,71.7133075579793
"392",-75.7274125126467,71.7166586495979
"393",-75.6823620011481,71.7275420809691
"394",-75.6370509782171,71.745967370176
"395",-75.5454677350011,71.8053940113029
"396",-75.4166313569527,71.9148881394726
"397",-75.3652207732425,71.9439593596373
"398",-75.312301019855,71.9622766469713
"399",-75.1781376321718,71.9956673106045
"400",-74.9415842684046,72.0870310964746
"401",-74.8977464825395,72.0943791287874
"402",-74.7910805257032,72.0973893224034
"403",-74.6384118431671,72.087199636653
"404",-74.467525326669,72.0651188735593
"405",-74.3419318667963,72.0336594916879
"406",-74.2621524864136,71.9950536734546
"407",-74.228699225233,71.9515339088229
"408",-74.2420751398136,71.9053541568327
"409",-74.3027922698672,71.8587833107728
"410",-74.4113716382587,71.8141181858805
"411",-74.5683073183944,71.7736714017005
"412",-74.7220360129658,71.7459307907564
"413",-74.842455176802,71.737276361692
"414",-75.0660728004779,71.7411326455255
"415",-75.130724551476,71.7308822049879
"416",-75.1836892206276,71.7075340597119
"417",-75.1801408752554,71.6987520369321
"418",-75.0979001109942,71.6742175322469
"419",-75.0789905742635,71.6623962284612
"420",-75.0743642505503,71.6481070426644
"421",-75.0940193889668,71.6127564086808
"422",-75.0829431615136,71.5982540611174
"423",-75.0548169099679,71.5947827463373
"424",-74.9971271024217,71.5962292043131
"425",-74.9124968195048,71.6085026615513
"426",-74.7999828301688,71.6339090035132
"427",-74.7796539552892,71.6340080699993
"428",-74.7709223307276,71.6290569448259
"429",-74.7886999902003,71.6051154214638
"430",-74.9127752972429,71.5300366364318
"431",-74.9396079747795,71.504138242874
"432",-74.9388533899409,71.4783474881519
"433",-74.8862300805971,71.3879468013962
"434",-74.8940005078048,71.3644111717743
"435",-74.9438570060734,71.3097073579317
"436",-74.9447912539689,71.2946316407817
"437",-74.9204379266164,71.2772029373881
"438",-74.8589033296542,71.2617527640966
"439",-74.7922842681839,71.2586906945162
"440",-74.7253328300585,71.2663492917755
"441",-74.6628100862838,71.2830382661478
"442",-74.6095040573241,71.3070616761387
"443",-74.5701668310325,71.3367192646687
"444",-74.5495684615677,71.3703178566183
"445",-74.5743978960207,71.4756734642898
"446",-74.5685139309097,71.5334059207834
"447",-74.5318806336233,71.5872168342344
"448",-74.41871087413,71.6694661624963
"449",-74.3261394841015,71.6970651067144
"450",-74.2828137379484,71.7001680396763
"451",-74.2457402661728,71.6961933732258
"452",-74.2181260543389,71.685173350209
"453",-74.203187071164,71.6671267635417
"454",-74.203357751068,71.6256733595714
"455",-74.1888409760766,71.6173349973707
"456",-74.1638857774838,71.6162697804491
"457",-74.0958653441703,71.6327399800133
"458",-74.0594206930935,71.6486613942484
"459",-73.9398369624715,71.7301387545489
"460",-73.8587370586212,71.7532227640941
"461",-73.766264483274,71.7592325872228
"462",-73.7193005602202,71.7552478128357
"463",-73.6435366491576,71.7375775742231
"464",-73.6151409030265,71.7205332262691
"465",-73.6182939896738,71.710646554803
"466",-73.6626527984036,71.6842530790534
"467",-73.8708373654983,71.5958718543146
"468",-73.9547400130351,71.5333945390647
"469",-74.1329837317101,71.4491099304645
"470",-74.1640205247764,71.4229646864617
"471",-74.1796871433314,71.3790052646084
"472",-74.171395693259,71.3479099607527
"473",-74.1165086293993,71.3023883876008
"474",-74.0775576786799,71.2896700746907
"475",-74.0360105967894,71.2847792992108
"476",-73.9957031899909,71.288560607904
"477",-73.9604443150892,71.3018383454873
"478",-73.9340518120418,71.3254329275214
"479",-73.8384620826587,71.4412718025653
"480",-73.7953609153266,71.4775598741451
"481",-73.7540653617156,71.5000597724917
"482",-73.7135782918604,71.5092073326887
"483",-73.6729025757954,71.5054035038419
"484",-73.6310500667083,71.489028451331
"485",-73.5395207224094,71.4159404318411
"486",-73.5274653312965,71.3634236780133
"487",-73.5588794167821,71.3383721245976
"488",-73.6410483158206,71.3055184349357
"489",-73.6792446817013,71.2580153003894
"490",-73.8031313425342,71.1588799786038
"491",-73.8018647179836,71.1336215167188
"492",-73.7389017997197,71.1118494741903
"493",-73.6833589657026,71.106724834569
"494",-73.6370508128062,71.1174350268816
"495",-73.5624187790016,71.1881906455444
"496",-73.4886401447168,71.2364712022582
"497",-73.3973084297804,71.2738202963274
"498",-73.3527879242994,71.2852606500018
"499",-73.3131452708112,71.2902089356721
"500",-73.281479657046,71.2874107299363
"501",-73.2527066184957,71.2588696411646
"502",-73.2571353128464,71.2084108196113
"503",-73.2895285619917,71.1512051574939
"504",-73.365822479072,71.0871854088754
"505",-73.3706823647591,71.0686990595671
"506",-73.3431579844537,71.0520534636546
"507",-73.2750926353759,71.0395622046069
"508",-73.2381988266572,71.0415089232239
"509",-73.1654263054906,71.0600616697794
"510",-73.1029664437858,71.0958254338169
"511",-73.0110598070675,71.1814720081031
"512",-72.8801213712543,71.26761292993
"513",-72.5229062985241,71.5701136841034
"514",-72.478224096292,71.5879176653894
"515",-72.4390575499044,71.5921504785203
"516",-72.3248816772928,71.5912710839431
"517",-72.0574891498218,71.5665293063792
"518",-71.8973824167332,71.5435983765384
"519",-71.7496724345654,71.5146197198077
"520",-71.6171619470049,71.4806188316095
"521",-71.5026447145854,71.4426326987042
"522",-71.4088965315347,71.4016951457255
"523",-71.3387201415393,71.3588529914765
"524",-71.2949182882856,71.3151559215273
"525",-71.2802577828488,71.2716687108393
"526",-71.2874443051217,71.2480230766007
"527",-71.3501197624947,71.1752061500836
"528",-71.4451705027074,71.1159668291407
"529",-71.5071632404645,71.106029618533
"530",-71.9004636381577,71.114713686249
"531",-72.040735569773,71.1042754702039
"532",-72.1457396433337,71.0729915640362
"533",-72.387152892788,70.9431771511284
"534",-72.4599433802602,70.9179309620383
"535",-72.598095287805,70.8852351548957
"536",-72.6715774780459,70.854922018611
"537",-72.6764732963444,70.8278404872378
"538",-72.6528296380663,70.8175890752435
"539",-72.6115969665253,70.8106455738624
"540",-72.4529724536554,70.8043553670323
"541",-72.3908449686057,70.7948601910152
"542",-72.3727798482421,70.7875422193244
"543",-72.3604819120025,70.7671465176923
"544",-72.3656651911919,70.7317388785952
"545",-72.320461966095,70.7022692260893
"546",-72.2641286146278,70.6938511236517
"547",-72.2212789755753,70.6974236809824
"548",-71.9951640354096,70.7473964561222
"549",-71.4949910683647,70.835338323648
"550",-71.3053297624285,70.8745512022545
"551",-71.1972983663603,70.9123150208426
"552",-71.1522209054032,70.9551345182505
"553",-71.1402194132074,70.9970922391308
"554",-71.1165577886237,71.0101892322206
"555",-71.0735554359729,71.0207914525885
"556",-70.9432548040113,71.0352711554348
"557",-70.8820166510929,71.0362695646502
"558",-70.7743805137497,71.0259093366168
"559",-70.6922385641698,71.0001340665699
"560",-70.6424179985125,70.9601815359821
"561",-70.6280719034252,70.906941378827
"562",-70.6701579744861,70.8564097565949
"563",-70.7805339734459,70.8002966879097
"564",-71.0562089678365,70.7016190646664
"565",-71.2409654723214,70.6471088402753
"566",-71.3286590103571,70.631438365229
"567",-71.4721379275367,70.6247370196692
"568",-71.5331425184812,70.6175952053117
"569",-71.6470219470491,70.5907012941883
"570",-71.7426476090436,70.5493493999503
"571",-71.8111171999992,70.4963692845358
"572",-71.8433307860877,70.4456108695588
"573",-71.8413185598513,70.4055556677476
"574",-71.8062303648536,70.3783609612987
"575",-71.7766398593947,70.3702567433346
"576",-71.7149974645984,70.3656842566475
"577",-71.6740702202539,70.3697406920911
"578",-71.6396467785665,70.3817362674362
"579",-71.5380383367797,70.4590913400338
"580",-71.4451615195546,70.5063600742247
"581",-71.3860523738595,70.5226819643423
"582",-71.3603785230394,70.5248983544482
"583",-71.3366540163858,70.5167803925669
"584",-71.3189931379,70.4623842062643
"585",-71.3360880777568,70.3805056574238
"586",-71.3820009719282,70.2994604266498
"587",-71.4505154786479,70.2369651619781
"588",-71.4884333667906,70.1828482648885
"589",-71.4797646242989,70.1423160394801
"590",-71.4581421754101,70.1280456284763
"591",-71.4251021392602,70.1182536439537
"592",-71.380707397919,70.1132948013296
"593",-71.3297369886981,70.1143031648852
"594",-71.2834827347187,70.1231563233461
"595",-71.2408127587231,70.1407872104116
"596",-71.2005682339945,70.1681181921377
"597",-71.122819046154,70.2554672507392
"598",-70.9564151229237,70.5332196333708
"599",-70.8668980048612,70.6055801615147
"600",-70.7323573247586,70.6618836555835
"601",-70.5251070055594,70.7269805087432
"602",-70.0701911625284,70.8361522383098
"603",-70.0093842009464,70.8431752933143
"604",-69.9449570287693,70.8395608817363
"605",-69.8938518722557,70.8275926742042
"606",-69.8730468902755,70.8095471455086
"607",-69.8844734606895,70.7947419898506
"608",-69.9642797905307,70.7546699209725
"609",-70.0943019447542,70.7095175440812
"610",-70.2436558438919,70.6700088962847
"611",-70.3784300859683,70.6438875912166
"612",-70.4652163255671,70.6189426861888
"613",-70.5005560488444,70.5927341329854
"614",-70.4987504351233,70.5792944968713
"615",-70.4558109645424,70.5520145114291
"616",-70.4165006877093,70.5398616261919
"617",-70.3688809944981,70.53733559094
"618",-70.2922008018457,70.5453585542785
"619",-70.0544526787506,70.5855063268956
"620",-69.8656268060287,70.6387241814645
"621",-69.6595083640875,70.7236089421343
"622",-69.5893140077864,70.7379690032074
"623",-69.4384060232072,70.7431513928287
"624",-69.2870848135972,70.7372459102503
"625",-69.1255856918182,70.7204948542726
"626",-68.9632691031306,70.6950717446839
"627",-68.8094865096422,70.6631448892046
"628",-68.6735893734606,70.6268915859825
"629",-68.5649471229992,70.5884921036331
"630",-68.49289325406,70.5501570465621
"631",-68.4667971950563,70.5140986538797
"632",-68.4821404201091,70.4881738851169
"633",-68.5862641446914,70.4221633478899
"634",-68.7469278332561,70.3545611487037
"635",-68.8329505048634,70.3267057238503
"636",-68.9144816000501,70.3063334204719
"637",-68.9853317265086,70.2960896987598
"638",-69.3667923287571,70.2634622644388
"639",-69.6387033821073,70.222529030981
"640",-69.7407250489247,70.1974491476231
"641",-69.8239270105399,70.1684869529404
"642",-69.8911659095562,70.1350279121218
"643",-70.0325787015823,70.0357425557633
"644",-70.0752666438837,70.0141508783855
"645",-70.136567678872,69.995410347232
"646",-70.1710090868651,69.9745458943372
"647",-70.1723385934856,69.9392231686076
"648",-70.1364598810379,69.922703579498
"649",-70.1037701878488,69.9201315285875
"650",-69.9928462165657,69.9259968237558
"651",-69.8581258734063,69.9421194575784
"652",-69.7438691524192,69.9631825114276
"653",-69.7082509514038,69.9739121938921
"654",-69.6775914507568,69.9931883809171
"655",-69.6465726239961,70.0544162003992
"656",-69.5942188092377,70.0900460662002
"657",-69.4936703794862,70.122511862882
"658",-69.3492931470225,70.1504251837819
"659",-69.0911622501308,70.1792908558813
"660",-68.9639787722051,70.18378624666
"661",-68.9149577071507,70.1812980652462
"662",-68.8424277311109,70.1667832839567
"663",-68.7967034831492,70.1382297548247
"664",-68.7878999933648,70.1223683073467
"665",-68.8076359801569,70.0915908789039
"666",-68.8795461186507,70.0604583204678
"667",-69.1967412454733,69.9760531627877
"668",-69.5420536406888,69.8644900286279
"669",-69.6571547780431,69.8430272650025
"670",-69.8148091104061,69.8350733332578
"671",-69.8840153198946,69.8228563828615
"672",-69.9383454282782,69.8051037758608
"673",-69.9751404223157,69.7839528654699
"674",-69.9917862045305,69.7615408648261
"675",-69.9856327448342,69.7400196236278
"676",-69.9540389962917,69.7215496156446
"677",-69.8943818782734,69.7082948079963
"678",-69.8236664991075,69.708849334146
"679",-69.6740520885374,69.7388841911391
"680",-69.379925698211,69.7721690324355
"681",-69.2562815825048,69.7964374778147
"682",-68.9826996627262,69.8900792977207
"683",-68.6892020930986,69.9654076733705
"684",-68.5977176645639,69.997635149651
"685",-68.5091078449383,70.0409100664028
"686",-68.290152477587,70.1693433059467
"687",-68.181150901012,70.2185406755232
"688",-68.1294618395637,70.2335568262846
"689",-67.9961069356362,70.2417790062822
"690",-67.8539934576885,70.229367020394
"691",-67.7110984454436,70.1994059036653
"692",-67.5753989386245,70.1549421055345
"693",-67.4548629938013,70.0990135527062
"694",-67.3574676506971,70.034665957335
"695",-67.2911899490348,69.9649829719621
"696",-67.2640069285373,69.8930688574265
"697",-67.2870037998108,69.8179477818439
"698",-67.3220380958914,69.7921371258442
"699",-67.3741403823704,69.773867924876
"700",-67.4443347386715,69.7629174534392
"701",-67.5336632105243,69.7590453750569
"702",-67.6431588605057,69.7620132033088
"703",-67.8383448054391,69.7760045461207
"704",-67.9584315926202,69.7751971274667
"705",-68.0159058044982,69.7697120741411
"706",-68.1305038852933,69.747956615889
"707",-68.3364426641777,69.683023555013
"708",-68.4114160577903,69.6667575989781
"709",-68.4961900711527,69.6591742098052
"710",-68.7165378271944,69.6546584813199
"711",-68.8248387178478,69.6471145120001
"712",-69.2546915644519,69.5885022568227
"713",-69.3387379424341,69.5850839174322
"714",-69.558447894624,69.5897961323273
"715",-69.6900061679833,69.5806684042038
"716",-69.7896293329922,69.5637531417273
"717",-69.8186449166693,69.5533653265171
"718",-69.8239539599984,69.5302750630871
"719",-69.7815265291294,69.5102384945316
"720",-69.69347366498,69.4948471086843
"721",-69.4685714504479,69.4792210803542
"722",-69.2763050301878,69.4759647488068
"723",-69.1106017928791,69.4890815363442
"724",-68.7764105408809,69.5363656027872
"725",-68.6197802879419,69.5479984535395
"726",-68.5558112565597,69.5481302876231
"727",-68.4562150410094,69.5370439670828
"728",-68.3162754860492,69.4941799929908
"729",-68.167972615794,69.4720464180668
"730",-67.9589346491793,69.4577497836059
"731",-67.4468679877727,69.4444781987555
"732",-67.231838258213,69.4322304204286
"733",-67.138952457835,69.4188262216379
"734",-67.050369587668,69.3959446659119
"735",-66.9205360796542,69.3406722665396
"736",-66.8465059170899,69.2821344038802
"737",-66.8408195813414,69.2655837386298
"738",-66.8827888714155,69.2325973732689
"739",-66.994709972664,69.2093488968774
"740",-67.1555802737441,69.1957771303659
"741",-67.3443971633132,69.1918172368444
"742",-67.5401759963342,69.1973819425296
"743",-67.7219141614644,69.2123842416563
"744",-67.868618030514,69.2367090798126
"745",-68.0259040536105,69.3023017458896
"746",-68.1328035724207,69.3261676116335
"747",-68.2090795231953,69.336234717239
"748",-68.4227258472174,69.3550563364521
"749",-68.7149388259887,69.3732223246984
"750",-68.8164035373299,69.3760259575517
"751",-68.908040679463,69.369623900635
"752",-68.9896885556366,69.3403331431515
"753",-68.9931291031748,69.3309465043062
"754",-68.9782080863056,69.323313090882
"755",-68.8922303304625,69.3130114815023
"756",-68.6041316356925,69.3064700945193
"757",-68.4668780434319,69.2969417145635
"758",-68.3777741504001,69.2791215086321
"759",-68.3136703717253,69.2508154561298
"760",-68.3260850889518,69.2384637230563
"761",-68.3895061480107,69.213021865294
"762",-68.4626379952908,69.1990376783862
"763",-68.5270292348565,69.1972638987476
"764",-68.7273984589794,69.2049194669337
"765",-68.7597378092077,69.2018671319317
"766",-68.757285408482,69.1751433260693
"767",-68.7744162809502,69.162528059114
"768",-68.9715246205917,69.1059236449276
"769",-68.9908024665889,69.0870421245164
"770",-68.9699076530803,69.0675955097733
"771",-68.892877117467,69.0472321822261
"772",-68.8251351618916,69.0498886426991
"773",-68.7380884108604,69.0656023955744
"774",-68.5662227307027,69.109963218654
"775",-68.4986155224198,69.1209633488828
"776",-68.3514624957282,69.1303803126871
"777",-68.1965120923704,69.122973836874
"778",-68.043520016332,69.0986595052349
"779",-67.9654204855307,69.077487788097
"780",-67.9160400943626,69.0559712714427
"781",-67.8938337405392,69.0356453553728
"782",-67.8972653049245,69.0180381280816
"783",-67.9248076515356,69.0046946987045
"784",-67.9749336443895,68.9971522563587
"785",-68.0460981811975,68.9969494148974
"786",-68.2575885485377,69.0149853307215
"787",-68.2954615209162,69.0123085567245
"788",-68.3171827844862,69.0054800198792
"789",-68.3218630071165,68.9950593577231
"790",-68.2766867314781,68.9656798240834
"791",-68.1721497818651,68.9302711939292
"792",-68.1344654556963,68.9107565260442
"793",-68.1378071885532,68.9027194851935
"794",-68.1748537108703,68.8947700921803
"795",-68.2007072247473,68.8789533654063
"796",-68.175266935901,68.852481672405
"797",-68.1189695170452,68.8401629978229
"798",-68.0517935000988,68.8366120039736
"799",-67.8373027597096,68.8457591179105
"800",-67.8151233553446,68.8415637814765
"801",-67.8154647151526,68.8220129082826
"802",-67.8360541014646,68.8041954961055
"803",-67.8586736803188,68.7991509107625
"804",-68.0280330608338,68.797731204102
"805",-68.3546335486812,68.8110670224973
"806",-68.8713714495652,68.8473929445191
"807",-69.1516458182105,68.8535997394938
"808",-69.2070179723236,68.8489099614182
"809",-69.2364018652672,68.8381881316868
"810",-69.2461845187112,68.8010870235521
"811",-69.2207801624763,68.784722210341
"812",-69.1131889408974,68.7594689699896
"813",-68.9431827733777,68.746066357442
"814",-68.59346863327,68.750143011213
"815",-68.5033047282029,68.7466394784244
"816",-68.4291847341102,68.7335028399575
"817",-68.3440963103984,68.7079761693559
"818",-68.2579209251928,68.6742773884663
"819",-68.2458835003856,68.6625101931815
"820",-68.255872766345,68.6536668376974
"821",-68.3459917556479,68.6433642568915
"822",-68.6656123337376,68.637344048577
"823",-68.7205802459729,68.62675241002
"824",-68.7207419427241,68.618235539447
"825",-68.667570661057,68.5938458573767
"826",-68.582608001485,68.5692721161844
"827",-68.5122788978913,68.5565039045955
"828",-68.3810799506456,68.5461336363868
"829",-68.0814738370861,68.5381284782868
"830",-68.0208016227967,68.5303703564938
"831",-67.9490801305125,68.5089526307729
"832",-67.8848685540037,68.5018264243973
"833",-67.6926829821192,68.5069219735522
"834",-67.5246800576831,68.4873136070805
"835",-67.3536138781282,68.4811394566663
"836",-66.8269046775904,68.4836831211256
"837",-66.7726284681239,68.4799301271281
"838",-66.6961009890698,68.4634412023935
"839",-66.6705529023894,68.4383320117351
"840",-66.6800031791784,68.4237981934302
"841",-66.7237780829735,68.4023222065385
"842",-66.7760690156621,68.3925557720939
"843",-66.9027224875701,68.3844530234416
"844",-67.2182197985057,68.3786446602463
"845",-67.2539817299665,68.3727719043076
"846",-67.2472533484885,68.3523345382235
"847",-67.359399028558,68.3567746857041
"848",-67.5018448831608,68.348473556094
"849",-67.6532828737577,68.3295203873396
"850",-67.6849574706757,68.3157963513647
"851",-67.6397362792732,68.2964073532894
"852",-67.5577470432916,68.2870805505432
"853",-67.5010094499466,68.2955236801833
"854",-67.4210953222713,68.3225963574173
"855",-67.3569825604437,68.3362333916469
"856",-67.2833207071459,68.3395327840829
"857",-67.1881082701821,68.3316731423962
"858",-67.1532805866167,68.3163141391798
"859",-67.205760165515,68.2735138311395
"860",-67.2085179934373,68.261429639163
"861",-67.1820715914728,68.2411019429006
"862",-67.122100063105,68.2292838026259
"863",-66.9580946416833,68.229573666577
"864",-66.9137358329534,68.2120486259323
"865",-66.909855110926,68.1808784050352
"866",-66.9912245093616,68.0982607253514
"867",-66.9827264467738,68.085805566287
"868",-66.9550942686343,68.0746720104318
"869",-66.8720540037703,68.064341837368
"870",-66.7503143164664,68.0680698220341
"871",-66.6483195991075,68.0293210822493
"872",-66.4998909647124,68.0850109695546
"873",-66.4509237985751,68.0812723093111
"874",-66.3959469031869,68.0601970609858
"875",-66.3733991895555,68.040130522477
"876",-66.3670031847326,67.9912849317617
"877",-66.4096462112698,67.9378758677954
"878",-66.5775054052603,67.846990504716
"879",-66.5938457602785,67.8140046205057
"880",-66.5487682993214,67.7922065613726
"881",-66.443683377385,67.7843348556852
"882",-66.3938448454221,67.7868888658064
"883",-66.3564479801442,67.7952927153031
"884",-66.3168951581844,67.8213203823812
"885",-66.2517223843216,67.8937909426714
"886",-66.1829743156279,67.9436989674487
"887",-66.1119265598069,67.9770237746288
"888",-66.0501673840237,67.9869586842702
"889",-66.0223106270631,67.9789235240194
"890",-66.0022422636159,67.9612269216532
"891",-65.985605464554,67.9063937192599
"892",-66.0005444477289,67.8415836211507
"893",-66.0802339965831,67.7499542769995
"894",-66.0825696163218,67.7336930379733
"895",-66.0615849712848,67.7079596365994
"896",-66.0098330277667,67.6955255752193
"897",-65.9737027870394,67.6958869647838
"898",-65.9106590203999,67.7152166139291
"899",-65.8361437675822,67.8145236165193
"900",-65.7837360539066,67.8652311802889
"901",-65.7263696398628,67.9024301063521
"902",-65.6756777083799,67.9168823760675
"903",-65.6557440922253,67.9086877782095
"904",-65.6223896457259,67.8709506723516
"905",-65.5540637852158,67.7455999973805
"906",-65.5316867514884,67.725886769702
"907",-65.5093995492894,67.7159319691329
"908",-65.4887562640603,67.7160954758338
"909",-65.4584830389855,67.7481752432776
"910",-65.4373816129615,67.8110159289502
"911",-65.4013501869155,67.8463875434426
"912",-65.2858987066004,67.9210630076944
"913",-65.1476479843744,67.9822308720904
"914",-65.0831130143633,68.0007695469013
"915",-65.02865714184,68.0075726506233
"916",-64.9763033270815,68.003431137677
"917",-64.939391552057,67.9919043438651
"918",-64.917840968391,67.9743389341537
"919",-64.9205179479377,67.9264480927416
"920",-64.983741377634,67.8705242971117
"921",-65.0822596148434,67.8182614041453
"922",-65.1099277255943,67.7918772117698
"923",-65.1219022683316,67.7660070939467
"924",-65.1028579843082,67.7247086249375
"925",-65.0738962995482,67.7137517709854
"926",-65.0333373644702,67.7122391395871
"927",-64.8596121716744,67.7400403119943
"928",-64.6461634770147,67.7525222424276
"929",-64.5693126044583,67.7448651329373
"930",-64.5310174238963,67.7344010228049
"931",-64.3666436932081,67.6655927929404
"932",-64.1976077061953,67.580396844511
"933",-64.1746647338389,67.5616591806439
"934",-64.1735238734281,67.5327335519851
"935",-64.2780338735826,67.4848090724265
"936",-64.2873583862317,67.4615645938134
"937",-64.2550549686148,67.4407684820016
"938",-64.1084948300107,67.4065671602442
"939",-64.0759578504199,67.3839163194963
"940",-64.0870430610259,67.3616658102791
"941",-64.1634357927874,67.3435646486343
"942",-64.3059445294601,67.3496229553089
"943",-64.6558832483889,67.3842203145753
"944",-64.7007630799835,67.3837194115267
"945",-64.7576623700796,67.3719468914967
"946",-64.7753951137882,67.3455162068226
"947",-64.7576174543154,67.3287636109592
"948",-64.6716396984724,67.3311526112914
"949",-64.5809188379291,67.3216956210844
"950",-64.4629700411242,67.290434329102
"951",-64.4367212685223,67.2617434536032
"952",-64.1874657266376,67.2500740753382
"953",-64.145640167009,67.2437820676732
"954",-64.1405736688066,67.2330947354112
"955",-64.2074083259451,67.2004368146029
"956",-64.3392360938896,67.1632862917097
"957",-64.4909166296132,67.1343735559855
"958",-64.6557215516378,67.1179552039667
"959",-64.7179209019102,67.1067681383691
"960",-64.731449530089,67.0996171662758
"961",-64.7124052460657,67.0830387795495
"962",-64.6597909198748,67.0736902948291
"963",-64.5803798487587,67.0711426272619
"964",-64.368233711261,67.0847352547222
"965",-64.1301352452051,67.1203023635352
"966",-63.8861887466496,67.1717742248215
"967",-63.761664281965,67.1853103914802
"968",-63.6690839087836,67.1844291169679
"969",-63.6423859785396,67.1781373438997
"970",-63.6397628979099,67.1558451297217
"971",-63.7620954733014,67.0646882708642
"972",-63.7810229763377,67.0371925167378
"973",-63.766811628543,67.0246672473582
"974",-63.7189314238994,67.0125424694486
"975",-63.634274191524,67.0141877535619
"976",-63.5456374224399,67.0314477501906
"977",-63.4775091912923,67.0595277499526
"978",-63.3791975665982,67.1499051990228
"979",-63.2758733426188,67.2073457049331
"980",-63.2195849069159,67.2210531982459
"981",-63.156056050023,67.2143465474793
"982",-63.1108977406903,67.1974429267359
"983",-63.0920151534181,67.1751615925027
"984",-63.1362931137723,67.1198937226696
"985",-63.1516543051308,67.0626928129615
"986",-63.1765376385009,67.0341187625222
"987",-63.2752175724614,66.9836529346868
"988",-63.5312464115883,66.8850339893774
"989",-63.5927720253977,66.8504384573848
"990",-63.5955298533199,66.8393821476248
"991",-63.5801057798916,66.831975516421
"992",-63.4792070071793,66.825814576274
"993",-63.4229185714763,66.8163563071719
"994",-63.2939564292881,66.7666042086433
"995",-63.2660727228691,66.7714762480412
"996",-63.1989416216868,66.8020718320358
"997",-63.1067385409248,66.8775176873542
"998",-63.0581037514426,66.886342316482
"999",-62.9952755804712,66.8838490289573
"1000",-62.9537195154279,66.8637594495347
"1001",-62.8917447439765,66.7608450994515
"1002",-62.8646425718546,66.74644319995
"1003",-62.8340549364303,66.7415449178781
"1004",-62.8014281253111,66.7461559271767
"1005",-62.76822639241,66.7602815203492
"1006",-62.6609855137918,66.8667171175586
"1007",-62.6174172225121,66.8906265096601
"1008",-62.5697076977725,66.8902245678886
"1009",-62.4850324990913,66.8560388878757
"1010",-62.4195093822677,66.8477578487473
"1011",-62.3526567588235,66.8558694106611
"1012",-62.3000244663269,66.8784666111839
"1013",-62.2519915480851,66.9157488506493
"1014",-62.1921906996212,66.9339023200455
"1015",-62.1136150617193,66.9483140749782
"1016",-61.9366379675949,66.9629176919799
"1017",-61.8564812947929,66.9616134627797
"1018",-61.7940393993938,66.9535721037945
"1019",-61.7584301815313,66.9380268657573
"1020",-61.7709976123561,66.9013354712472
"1021",-61.8611615174232,66.8469772738368
"1022",-61.8390360119753,66.837884040181
"1023",-61.6828998324425,66.8069722233908
"1024",-61.5458977684614,66.7637017861334
"1025",-61.4466788453304,66.7136511988035
"1026",-61.4220111076285,66.6875959091338
"1027",-61.4264218356735,66.6727918754937
"1028",-61.4878755842602,66.640136901352
"1029",-61.5479638936149,66.6287719463538
"1030",-61.8101282261324,66.6718314227487
"1031",-61.880403430809,66.6737273917175
"1032",-61.9379944236739,66.6535401262751
"1033",-61.9538676547443,66.6402864991879
"1034",-61.9569848087802,66.6115542591994
"1035",-61.9221661083677,66.5802894587573
"1036",-61.7964918001194,66.524323512793
"1037",-61.7656616195684,66.5032979510137
"1038",-61.7546752236437,66.481326204424
"1039",-61.7690123355782,66.4302959240806
"1040",-61.7597866376103,66.4128324960375
"1041",-61.7292259516445,66.4003419025828
"1042",-61.6071449045327,66.3743016016567
"1043",-61.5792522149608,66.3557398765057
"1044",-61.5844354941502,66.3360503060214
"1045",-61.6176012944399,66.3172185034531
"1046",-61.6736292187104,66.3012467638881
"1047",-61.7474258193008,66.290130944999
"1048",-61.8338706990916,66.2858754429498
"1049",-61.9278614272691,66.2904777114179
"1050",-62.0688699774173,66.3199173566104
"1051",-62.2538241112647,66.378502552627
"1052",-62.3413110367851,66.3861251019633
"1053",-62.4055675290581,66.3707588643625
"1054",-62.4523428059022,66.3097735064319
"1055",-62.4806756699634,66.2896180109089
"1056",-62.6869378423501,66.2242418507335
"1057",-62.7050478784779,66.2079754878662
"1058",-62.7010144428522,66.1929424340519
"1059",-62.6756370360758,66.1799104216699
"1060",-62.5640842440939,66.1629220948854
"1061",-62.3953716505834,66.1526640601868
"1062",-62.23553441208,66.1239085384474
"1063",-62.0720500135231,66.0807304348132
"1064",-62.0296225826541,66.0611642351859
"1065",-62.0141086776974,66.0419258661119
"1066",-62.0486758498303,65.9937333828711
"1067",-62.0763888763454,65.9817615148639
"1068",-62.1502393758528,65.9724762538061
"1069",-62.2439875589036,65.9833337139647
"1070",-62.3652241896483,66.0126721859928
"1071",-62.5315203150445,66.0344906225717
"1072",-62.6956964163702,66.040820567392
"1073",-62.7616956402945,66.0375882964893
"1074",-62.8088212600994,66.0297795387922
"1075",-62.8309467655473,66.0171564012771
"1076",-62.825871284192,66.0035114191555
"1077",-62.7990835224195,65.9887552300224
"1078",-62.564245940845,65.9288060361589
"1079",-62.507732926321,65.898520062575
"1080",-62.5176143944464,65.8668724014997
"1081",-62.6555057905587,65.8091992940385
"1082",-62.6845123910829,65.7877185633298
"1083",-62.685302908533,65.759017740075
"1084",-62.6399469698378,65.6445835849157
"1085",-62.6526671142609,65.6240185371346
"1086",-62.7023708989312,65.5998563171376
"1087",-62.7367314585488,65.592655978516
"1088",-62.7726910193721,65.5969170383581
"1089",-62.9460029871373,65.6589460973296
"1090",-62.984316134005,65.6624484841602
"1091",-63.0793578910648,65.6514288069595
"1092",-63.1351163207501,65.662285592942
"1093",-63.1817388839959,65.6891783809473
"1094",-63.2540712306732,65.7755727182625
"1095",-63.2804367842621,65.7923565001444
"1096",-63.3430942753295,65.8132371282391
"1097",-63.4135850756743,65.8154195770283
"1098",-63.4837704488226,65.7946659475416
"1099",-63.5334832166458,65.7450575846237
"1100",-63.5536773442328,65.6824762976893
"1101",-63.5383700517914,65.625516344324
"1102",-63.4897532286148,65.5767079257604
"1103",-63.4707538603557,65.5258093685669
"1104",-63.4546021515472,65.4055271800203
"1105",-63.4546201178529,65.2493951081398
"1106",-63.4685979036738,65.1686329514666
"1107",-63.4969128014293,65.109974224766
"1108",-63.542125009679,65.0722755258154
"1109",-63.6067677775242,65.0543343913521
"1110",-63.6934013035247,65.0548989049563
"1111",-63.8045678199345,65.0726806430691
"1112",-64.0412649141472,65.1339904202778
"1113",-64.1835939877631,65.1821311696922
"1114",-64.2298662080481,65.2039800063179
"1115",-64.2786716774343,65.2466080819516
"1116",-64.2685835967936,65.3358271375256
"1117",-64.2959642466536,65.3552230473139
"1118",-64.3592056426556,65.3504765685762
"1119",-64.5575177247778,65.2904329913014
"1120",-64.5974478391569,65.287631518124
"1121",-64.6341799511246,65.2979384205849
"1122",-64.6905402520502,65.3259925652829
"1123",-64.7000893435204,65.3411834270719
"1124",-64.5840809077292,65.4199098523
"1125",-64.5913572615306,65.4429363346347
"1126",-64.6633392652471,65.4521076722667
"1127",-64.9262402162975,65.4429886020724
"1128",-64.9823310226379,65.4502042400939
"1129",-64.9743719492206,65.4725515036177
"1130",-64.8418345122016,65.5514421032189
"1131",-64.8312793076132,65.5734317019571
"1132",-64.8809471596722,65.5833816768861
"1133",-65.0974950420621,65.5865415482284
"1134",-65.1428060649931,65.5923033333888
"1135",-65.1425904693249,65.6079302004218
"1136",-65.0683447110924,65.6759056844526
"1137",-65.0727644222902,65.6985184562657
"1138",-65.137038880869,65.7193052087298
"1139",-65.1723336883821,65.7205795857682
"1140",-65.2110600602804,65.7131947138436
"1141",-65.235808646358,65.7169594519441
"1142",-65.2874168594306,65.741876387329
"1143",-65.329368183199,65.7813331272193
"1144",-65.3448461555444,65.8404768630907
"1145",-65.3016012577669,65.8762180661659
"1146",-65.2217230627029,65.898714482095
"1147",-64.8779378034704,65.9688036396702
"1148",-64.7594949332592,66.001337628211
"1149",-64.723759951257,66.0175251819235
"1150",-64.6815121834448,66.0563487149375
"1151",-64.6209926827537,66.1437389138841
"1152",-64.4867484466949,66.2604502734553
"1153",-64.4983546801657,66.2858573790135
"1154",-64.5650276405531,66.311397663781
"1155",-64.623633729689,66.3177922144124
"1156",-64.6854737538478,66.3136604813972
"1157",-64.7478886997884,66.2997880475398
"1158",-64.8082015879642,66.2769647357585
"1159",-64.9118402222931,66.2075551044357
"1160",-64.9832203547692,66.1262863849542
"1161",-65.0871105173776,66.0830431333841
"1162",-65.3223972565942,66.0291956102451
"1163",-65.5315250547373,65.9894643654346
"1164",-65.6735307348509,65.9735150249519
"1165",-65.7240250369712,65.9743013905047
"1166",-65.7933210779882,65.9930426399507
"1167",-65.8158508253139,66.0108461394536
"1168",-65.8185457711663,66.0272357022086
"1169",-65.7792534606389,66.0576939444419
"1170",-65.5581151871472,66.1474299539809
"1171",-65.4804737971407,66.1921047861136
"1172",-65.454494519124,66.229507153247
"1173",-65.4610881533094,66.2453254201631
"1174",-65.512929928356,66.271937069419
"1175",-65.5837890379673,66.2828116139826
"1176",-65.6687427143865,66.273520296213
"1177",-65.7739534004626,66.2433676783796
"1178",-65.9673786474392,66.1733356480997
"1179",-65.9973913610816,66.1681348516131
"1180",-66.0585576487773,66.1712888466824
"1181",-66.1793900376443,66.1993961063127
"1182",-66.3161046407344,66.247963245883
"1183",-66.4725192980053,66.31490909417
"1184",-66.6360216628679,66.3971697231694
"1185",-66.7209483898285,66.4557648944617
"1186",-66.734557866383,66.5627093516816
"1187",-66.7774614043525,66.5960338326009
"1188",-66.8076627642046,66.607831098942
"1189",-66.8809293587774,66.6181219194031
"1190",-66.979941669393,66.6043606385072
"1191",-67.0390508150881,66.5764044766543
"1192",-67.0409911761018,66.567389547529
"1193",-67.0167276802777,66.551791421956
"1194",-67.0427249246002,66.5468258402848
"1195",-67.1585986130987,66.5610728613812
"1196",-67.2972715435083,66.5951239221317
"1197",-67.4273386134959,66.6169026483016
"1198",-67.6183024765941,66.627139809683
"1199",-67.7040466704633,66.6160505489568
"1200",-67.7529689208364,66.5948063376771
"1201",-67.752367049596,66.5777007285394
"1202",-67.6991239027063,66.5628808553402
"1203",-67.5117712670503,66.5373495161392
"1204",-67.3797009539791,66.5024992526392
"1205",-67.2877763509551,66.4546883563617
"1206",-67.244845863527,66.3984501523557
"1207",-67.2563083665524,66.3425250965
"1208",-67.2765114772923,66.3231606482131
"1209",-67.3360787637822,66.305015926228
"1210",-67.4110252079363,66.3149668319885
"1211",-67.5394214114955,66.381857047984
"1212",-67.5920537039921,66.3993492910127
"1213",-67.6433205572568,66.4068001092863
"1214",-67.6894490470963,66.4047973804676
"1215",-67.7266842156231,66.3939251964806
"1216",-67.7512531386437,66.3747480086352
"1217",-67.7593918751179,66.3478377916664
"1218",-67.7473185176993,66.3137470923777
"1219",-67.723351465919,66.2906474807347
"1220",-67.6154638002962,66.2209676837993
"1221",-67.4766561225941,66.1456680580217
"1222",-67.3900495460521,66.0807450036519
"1223",-67.3702416940373,66.0299510652595
"1224",-67.3855579696315,66.0103567367588
"1225",-67.4178074883314,65.9948918885407
"1226",-67.4895110143098,65.9807742705967
"1227",-67.5541627653079,65.9776477452353
"1228",-67.683017109662,65.9939051520171
"1229",-67.8244209185353,65.9539468461838
"1230",-67.8669471640855,65.9487412666135
"1231",-67.8891265684504,65.9606627473788
"1232",-67.9079911894169,66.024100265781
"1233",-67.9573805637378,66.0592250134219
"1234",-67.9475619776824,66.1363225121749
"1235",-67.9729663339173,66.1584599065943
"1236",-68.0037785481626,66.1692201025594
"1237",-68.2712429408563,66.2272186560306
"1238",-68.4726003117917,66.2554554813215
"1239",-68.5420131337956,66.2535636397489
"1240",-68.5990561543372,66.2452639037879
"1241",-68.6808028451921,66.2229959788558
"1242",-68.7145345841108,66.2049166762823
"1243",-68.7209934710036,66.1918908369521
"1244",-68.7051471893917,66.1649477922287
"1245",-68.6295809076916,66.1327316272072
"1246",-68.2643798120857,66.099328038566
"1247",-68.1940057927277,66.0861094107044
"1248",-68.1759945712811,66.0765342616656
"1249",-68.1661220863087,66.0443952875675
"1250",-68.1923439094521,65.9279449883091
"1251",-68.1838727963229,65.8869806411707
"1252",-68.1472844148007,65.8496079444866
"1253",-67.9823088128721,65.7408688034382
"1254",-67.948828602233,65.6933792436741
"1255",-67.9731370138213,65.6445354248972
"1256",-68.1348966470327,65.5051874428527
"1257",-68.1361003895134,65.4838782628291
"1258",-68.1142623449564,65.4669012030222
"1259",-68.0387319958677,65.4434963374659
"1260",-67.9544251064531,65.4460311337802
"1261",-67.8579460449386,65.4750872151515
"1262",-67.5898168989346,65.6064758993414
"1263",-67.5308335173793,65.6220237983432
"1264",-67.4674214414733,65.6150966380021
"1265",-67.3958885953989,65.5830883203546
"1266",-67.3466878672877,65.4918875458516
"1267",-67.2489511643755,65.4273522529576
"1268",-67.2532900271978,65.3999745841329
"1269",-67.31963061093,65.3375814518231
"1270",-67.3142407192253,65.3213083223427
"1271",-66.948716230117,65.1501376478692
"1272",-66.8966588594023,65.1358639418897
"1273",-66.8325371144219,65.138133898818
"1274",-66.7952749964366,65.117319324742
"1275",-66.7867859170017,65.0607895918016
"1276",-66.8278479086388,64.9919331985447
"1277",-66.833489328623,64.9482480333325
"1278",-66.8201313803482,64.9102516087038
"1279",-66.7908552852387,64.8801421037269
"1280",-66.7487692141777,64.8601253866473
"1281",-66.6969633717426,64.8523962508077
"1282",-66.6385369456634,64.8591407609672
"1283",-66.509080730069,64.9129026757969
"1284",-66.4566281006292,64.9084917039688
"1285",-66.3492614578713,64.8566561382215
"1286",-66.3321665180145,64.8251911219487
"1287",-66.3464856636433,64.781069071628
"1288",-66.3393260908289,64.7507265392059
"1289",-66.313526475869,64.7272885774356
"1290",-66.2668230642476,64.711007292662
"1291",-66.2327769149795,64.7126765365904
"1292",-66.0539852239812,64.7575156874345
"1293",-65.8953696942642,64.7605304110445
"1294",-65.8792988338313,64.7678378996498
"1295",-65.8573350251346,64.8099628930231
"1296",-65.8142697904139,64.8226498599175
"1297",-65.7553582740813,64.8175092811618
"1298",-65.6911287312668,64.7937505114431
"1299",-65.6310583882177,64.7449705188421
"1300",-65.6165865289905,64.717576228185
"1301",-65.6185718057684,64.6624006470952
"1302",-65.6615112763493,64.6142305240783
"1303",-65.7543791104216,64.5691922952756
"1304",-65.7849397963874,64.5440333009733
"1305",-65.7907518962756,64.5206828742536
"1306",-65.7726418601478,64.4996948767817
"1307",-65.7314541043709,64.4816204560085
"1308",-65.6680060958535,64.4670152453247
"1309",-65.5831242846571,64.4564271113046
"1310",-65.3645462097251,64.445846506514
"1311",-65.307422340808,64.4367270936998
"1312",-65.2945674490922,64.4283840296696
"1313",-65.2896356981824,64.3999629022774
"1314",-65.3075930207119,64.3380726406578
"1315",-65.3877496935139,64.2550855862804
"1316",-65.3733856321208,64.2126933164651
"1317",-65.2606111313525,64.1582724223059
"1318",-65.0557772802675,64.0385253107436
"1319",-64.9924101201258,64.0161678164249
"1320",-64.9041596266139,64.0017713378309
"1321",-64.8492186638371,63.9773193087445
"1322",-64.8343156132736,63.96141618767
"1323",-64.8380526048555,63.9441545877796
"1324",-64.9337591152256,63.8650794151419
"1325",-64.9446197470106,63.8290718117408
"1326",-64.9107622439521,63.7955291625932
"1327",-64.6876386936825,63.6902740680407
"1328",-64.603044343377,63.6004277637799
"1329",-64.5372607151209,63.4614158410033
"1330",-64.5210730737011,63.3884667837129
"1331",-64.5319606549446,63.3399176053971
"1332",-64.5475823577355,63.3247742777745
"1333",-64.5991726045024,63.3126813117411
"1334",-64.6357070871076,63.3209347668321
"1335",-64.6743346443247,63.3494003005592
"1336",-64.812001461616,63.5291586098642
"1337",-64.930794674788,63.622646611954
"1338",-65.0184343139067,63.655820750928
"1339",-65.0609336099984,63.66165223238
"1340",-65.1155152466615,63.6564585653121
"1341",-65.1550590854684,63.6364562618982
"1342",-65.0430661189973,63.4448666846745
"1343",-64.9843162994159,63.382313573461
"1344",-64.8733474123686,63.2959573871098
"1345",-64.8738055531635,63.275612472018
"1346",-64.912693621813,63.2348714676009
"1347",-64.9187572499808,63.2096048657121
"1348",-64.8984104087955,63.1467211047047
"1349",-64.8383759983578,63.0734186296875
"1350",-64.6687650895632,62.9339353317838
"1351",-64.6918787418236,62.9046788042994
"1352",-64.7715682906778,62.8715756416008
"1353",-64.8337766241031,62.8702320584734
"1354",-64.9817201682447,62.8924137845276
"1355",-65.0098464197905,62.8891799084851
"1356",-65.0266538987564,62.8787881570545
"1357",-65.0281630684337,62.8341904525931
"1358",-64.9436405833509,62.6470037173993
"1359",-64.9758901020508,62.6121388678461
"1360",-65.0455185197229,62.5850182367978
"1361",-65.0831938627389,62.5818042897996
"1362",-65.1903449098287,62.6206668237497
"1363",-65.2835810531674,62.6750162014296
"1364",-65.3462565105404,62.7954394098487
"1365",-65.3943882434636,62.842871859954
"1366",-65.4787669981009,62.8802460084246
"1367",-65.536744266538,62.8958642235996
"1368",-65.8558617880686,62.9490183793268
"1369",-65.901433322432,62.9782265580791
"1370",-65.9498614993989,63.059575981013
"1371",-66.0076321553206,63.102933309284
"1372",-66.0994848931218,63.114638989599
"1373",-66.1662027692734,63.1045628794789
"1374",-66.1808093757932,63.0812322206938
"1375",-66.1764974624294,63.0015990155336
"1376",-66.195299201326,62.9854903823219
"1377",-66.2677483289902,62.9947267048394
"1378",-66.3279264698734,63.0179922201743
"1379",-66.4086041655402,63.0691957327457
"1380",-66.4665904171301,63.1325114213185
"1381",-66.4652429442039,63.1672501410208
"1382",-66.4106702906937,63.2245092870283
"1383",-66.4160511992455,63.2576099190334
"1384",-66.4894076253467,63.3003975992625
"1385",-66.5931630406625,63.3235200400771
"1386",-66.6178038289059,63.3141337040816
"1387",-66.6201484317975,63.2866953252876
"1388",-66.6005382091452,63.2567246554226
"1389",-66.560158937124,63.2335404934303
"1390",-66.5562332993324,63.171766930211
"1391",-66.5802183174184,63.1232374855554
"1392",-66.6197352067668,63.0885192178641
"1393",-66.6525057483315,63.090108939482
"1394",-66.6777933235795,63.100474557888
"1395",-66.9496055622483,63.2786138254389
"1396",-67.2745262005144,63.3928364120282
"1397",-67.3943614594159,63.4451357552231
"1398",-67.4486107194239,63.5187058084483
"1399",-67.4879209962569,63.5523533483155
"1400",-67.58758907703,63.6168190886122
"1401",-67.6872302083445,63.6594202279728
"1402",-67.7432850820736,63.6653665360747
"1403",-67.7894944202887,63.6539151950496
"1404",-67.745863246939,63.5756611484568
"1405",-67.7290018690561,63.4789221522396
"1406",-67.7388653708757,63.4369018547549
"1407",-67.7778342879008,63.419530605309
"1408",-67.8059156236824,63.4214036544542
"1409",-67.8782479703597,63.4459068090602
"1410",-68.0949126337365,63.5782235225878
"1411",-68.1998987409916,63.6221676825068
"1412",-68.3290854620008,63.6477830610855
"1413",-68.460535937526,63.6607674230724
"1414",-68.5567455044552,63.6601536202219
"1415",-68.6176872133299,63.6460524272551
"1416",-68.6433430978443,63.6185435213778
"1417",-68.6336772253872,63.5777038709696
"1418",-68.5886806128056,63.5235762490064
"1419",-68.3925514368238,63.3755753220055
"1420",-68.2568968457689,63.2931718139561
"1421",-67.9412917369992,63.1401549121691
"1422",-67.5628494741054,62.9902843330257
"1423",-67.1622188236937,62.815990958968
"1424",-66.7897862900506,62.6362000792519
"1425",-66.5220074870074,62.4880543117702
"1426",-66.2200567705563,62.2691184190201
"1427",-66.1603188041624,62.2098751502492
"1428",-66.1388400857191,62.1349886459603
"1429",-66.1437269208647,62.0356038446883
"1430",-66.1670561687933,61.9871563500896
"1431",-66.2155112952187,61.9568902972409
"1432",-66.2969435757241,61.9445937903964
"1433",-66.4191863195871,61.9500266607621
"1434",-66.5900728360852,61.9729092972677
"1435",-67.4393940046088,62.1300506473915
"1436",-68.1921193306311,62.2416347090984
"1437",-68.5175070928449,62.3003688448171
"1438",-69.1376141334726,62.4811859010922
"1439",-69.322792846141,62.55845241459
"1440",-69.6003363363225,62.706664391347
"1441",-69.6513426781548,62.7264093130719
"1442",-69.7647819322334,62.7487860291068
"1443",-70.0390016558638,62.7719308291882
"1444",-70.1690777090043,62.7913980251685
"1445",-70.3915275228108,62.8651029379982
"1446",-70.843146548749,62.9757776710081
"1447",-71.1090029570842,63.0599300637498
"1448",-71.1447918380035,63.0670026765424
"1449",-71.1634139138433,63.0592015440098
"1450",-71.2061377887561,63.0651309209005
"1451",-71.4183018925594,63.1302744163398
"1452",-71.5529773199546,63.1877322306649
"1453",-71.7003189928559,63.2781896961911
"1454",-71.8911031928972,63.3646837063746
"1455",-71.9315273806826,63.3956244183456
"1456",-71.9240174649073,63.4144976868638
"1457",-71.8826949618378,63.4389585433875
"1458",-71.8172616765426,63.4547363045174
"1459",-71.6323614416122,63.4733420002732
"1460",-71.5684552923,63.4961331278352
"1461",-71.5197935533592,63.5317652063041
"1462",-71.5082052861941,63.556914027203
"1463",-71.5280580539731,63.6082592442748
"1464",-71.5938416822292,63.6941518257037
"1465",-71.6408325547415,63.7344665407331
"1466",-71.6900332828527,63.7564217155612
"1467",-71.7461061228875,63.763066497883
"1468",-71.7714655633582,63.7591425715679
"1469",-71.8024843901188,63.7298468287282
"1470",-71.8185103347875,63.6597590256616
"1471",-71.8601382650536,63.6385504649229
"1472",-71.8949300160075,63.6368671367654
"1473",-72.0688079224017,63.6654183415922
"1474",-72.1622327119502,63.6887690047294
"1475",-72.2158711175649,63.71023049292
"1476",-72.2402963101401,63.7362315326159
"1477",-72.251561183803,63.8171475564872
"1478",-72.2722044690321,63.8366422222735
"1479",-72.3144342705385,63.8333504728653
"1480",-72.4233370324323,63.7970047525618
"1481",-72.4613357689506,63.7918120789789
"1482",-72.4972593971625,63.7929030561288
"1483",-72.5573926222815,63.8121607779295
"1484",-72.5927233624059,63.851222695567
"1485",-72.613932586264,63.9044235747491
"1486",-72.7264375924471,63.9996685240303
"1487",-73.0066490790225,64.1828712880384
"1488",-73.2696757942127,64.3260180192808
"1489",-73.2878397292576,64.3672767765511
"1490",-73.2675378038365,64.4357114846698
"1491",-73.2729546449997,64.474425276986
"1492",-73.3011797112268,64.5013926083269
"1493",-73.3670262215527,64.5257332038475
"1494",-73.4213293804777,64.5252850103851
"1495",-73.4625800183245,64.500449007458
"1496",-73.5173772506558,64.3915698217729
"1497",-73.5569929546855,64.3561174659645
"1498",-73.5812474673567,64.3475554272306
"1499",-73.63892829175,64.3486559656366
"1500",-73.6987740559781,64.370529265378
"1501",-73.7348863303997,64.402489640901
"1502",-73.7518644892695,64.4445638486267
"1503",-73.7796314147017,64.4528051380918
"1504",-73.8128421307556,64.4432152492906
"1505",-73.8558804160177,64.3989226412199
"1506",-73.904910464225,64.3744224197723
"1507",-73.9701012043935,64.364272642775
"1508",-74.0406638699611,64.3701640110238
"1509",-74.0921193694355,64.3869839888183
"1510",-74.122751920624,64.4154612267851
"1511",-74.109852113144,64.5319994140542
"1512",-74.1176854224215,64.5536071844035
"1513",-74.1549116077954,64.5860214545434
"1514",-74.2196981060861,64.6030290025156
"1515",-74.2792653925761,64.6073591610362
"1516",-74.3264269449924,64.6216507241559
"1517",-74.6138249538407,64.7742820149099
"1518",-74.6507636783237,64.7856272698932
"1519",-74.7185774991219,64.7895877992356
"1520",-74.8121550022686,64.7569065728114
"1521",-74.8348284800398,64.7261034893566
"1522",-74.7913679865941,64.6614203201903
"1523",-74.6332644965891,64.5471683458238
"1524",-74.6038806036455,64.5166133369064
"1525",-74.6153880224351,64.4956647591129
"1526",-74.7047075111351,64.4579261194031
"1527",-74.7759618794715,64.4413472520563
"1528",-74.841377198461,64.4348935431678
"1529",-75.0856021747546,64.4511237599231
"1530",-75.3175381979614,64.4878735765935
"1531",-75.4758123678705,64.5405117371512
"1532",-75.5573704125157,64.5441066620518
"1533",-75.629361399385,64.5273172769436
"1534",-75.6984957436509,64.4669920132303
"1535",-75.7504992154485,64.4422425114358
"1536",-76.1282497755736,64.3391579979592
"1537",-76.1874487527971,64.317571193442
"1538",-76.2394073088306,64.2869385005136
"1539",-76.3540413222371,64.2739451712178
"1540",-76.6010510759114,64.2682788976726
"1541",-76.8268695720334,64.2699948912855
"1542",-77.0422316782482,64.2794972250886
"1543",-77.2444604150092,64.2963726644966
"1544",-77.4308788027697,64.3202028326061
"1545",-77.5988188451358,64.3505497219651
"1546",-77.7456035625609,64.3869956388137
"1547",-77.8685559754984,64.4291052311855
"1548",-77.9650170707071,64.4764419758058
"1549",-78.0598611984045,64.5489673590598
"1550",-78.1182876244836,64.6275677193375
"1551",-78.1411856810758,64.709598907956
"1552",-78.1294447003124,64.7924497328922
"1553",-78.0839899469359,64.8735363660801
"1554",-78.0057017699249,64.9503134152578
"1555",-77.8954874677163,65.0202520081548
"1556",-77.5789391278983,65.1595699395683
"1557",-77.5017199460753,65.2062592067813
"1558",-77.3669996029159,65.3097197728078
"1559",-77.2913255233817,65.3514506593559
"1560",-77.2047818289096,65.3794403396185
"1561",-77.1001011488512,65.3942524982096
"1562",-76.9700340788635,65.3964405019577
"1563",-76.8073222314509,65.3865275730615
"1564",-76.1278455336958,65.3028782971702
"1565",-75.9594742999932,65.288243661672
"1566",-75.7911030662907,65.2855358516305
"1567",-75.4034620548875,65.2985766026234
"1568",-75.1062903757479,65.3203181114364
"1569",-74.6126571439714,65.3864452613747
"1570",-73.8407078708689,65.5315660022505
"1571",-73.7642073412733,65.5576279743403
"1572",-73.7191388634691,65.5900017424531
"1573",-73.7055024374561,65.6287600611658
"1574",-73.7233070463874,65.6739741398675
"1575",-73.7725526902628,65.7257060098071
"1576",-73.8532573353881,65.7840157189696
"1577",-74.1189700132778,65.9341512127582
"1578",-74.2262737739659,66.004841176401
"1579",-74.2862093697224,66.0659132460227
"1580",-74.2976269569835,66.1222031870848
"1581",-74.2594036416442,66.1784954657021
"1582",-74.1703895801408,66.2395313665724
"1583",-74.029470861521,66.3100153320637
"1584",-73.5009290978036,66.539963911967
"1585",-73.2496613296825,66.6607372667913
"1586",-73.0590837421566,66.7689003881844
"1587",-72.7944220931493,66.9517961071859
"1588",-72.6561803540761,67.0280857829593
"1589",-72.451696845952,67.1245874376655
"1590",-72.3653058650782,67.1792522849691
"1591",-72.3370089336285,67.2075336268998
"1592",-72.3282862922196,67.2538255652215
"1593",-72.342973747115,67.317868131497
"1594",-72.3790590720781,67.3965150512861
"1595",-72.5072756125805,67.5851311781052
"1596",-72.5953374598827,67.6889207137271
"1597",-72.8510698549658,67.9401432041954
"1598",-73.0484836218039,68.1544496499229
"1599",-73.1580691033137,68.2148259294192
"1600",-73.227176498121,68.2404525700649
"1601",-73.3968413058327,68.2838267358101
"1602",-73.696007244903,68.3413928336632
"1603",-73.7570747179174,68.3622673398136
"1604",-73.794660229405,68.385492083869
"1605",-73.8099854881521,68.4122034229678
"1606",-73.8042722029451,68.4435442125522
"1607",-73.7108384302438,68.5581754455295
"1608",-73.7140454158081,68.5873499279141
"1609",-73.7387311198157,68.6107277959308
"1610",-73.7793798864221,68.6269030060784
"1611",-73.8304580934771,68.634464246707
"1612",-73.886468051442,68.6319899395955
"1613",-73.9418761381665,68.6180488590075
"1614",-74.0415262526339,68.5636588042049
"1615",-74.0838009699045,68.5561196625081
"1616",-74.1824719207122,68.5571048854742
"1617",-74.2539688341753,68.5635800109099
"1618",-74.3308736056488,68.5854575245355
"1619",-74.4745321858852,68.6842228825211
"1620",-74.6353485880482,68.7582094612218
"1621",-74.8003960551995,68.8615088580447
"1622",-74.8583194247196,68.889176638195
"1623",-74.9212733598306,68.9039061509814
"1624",-74.9116793525963,68.939809010778
"1625",-74.8663323970539,68.9697517348807
"1626",-74.8012314884137,68.998478729009
"1627",-74.7680836544297,69.0265830616859
"1628",-74.7756115365107,69.051831798811
"1629",-74.7943863259488,69.0625722580371
"1630",-74.8614814945196,69.0786714819456
"1631",-74.8951593345213,69.0806313330133
"1632",-74.9705639194703,69.0714624687576
"1633",-75.0843804659682,69.0309137551662
"1634",-75.1781466153246,68.9688942136943
"1635",-75.2206818440277,68.9537047563617
"1636",-75.2793508152335,68.9435403586493
"1637",-75.4430148768473,68.9281945418859
"1638",-75.60079497335,68.9007825287119
"1639",-75.9594383673819,68.8117878250435
"1640",-76.1765432052479,68.7662144284193
"1641",-76.3283315388056,68.7523145342552
"1642",-76.4014813523914,68.7589645241248
"1643",-76.4617762742615,68.7771303859225
"1644",-76.5076352695158,68.8041402814734
"1645",-76.5374683201014,68.8373125190064
"1646",-76.5496764248126,68.873984036116
"1647",-76.5426785487493,68.9115031823278
"1648",-76.5148756907058,68.9472291245272
"1649",-76.4646688494764,68.9785442362874
"1650",-76.4145518397754,68.996695055501
"1651",-76.3156832596052,69.0173272405504
"1652",-76.064478373554,69.0390873394432
"1653",-75.8684480122534,69.0659843429294
"1654",-75.7968702504148,69.0838834648087
"1655",-75.7421897990704,69.1049656984189
"1656",-75.7038676690499,69.1293882338255
"1657",-75.6813558880299,69.157306033405
"1658",-75.6805384211213,69.2130601221178
"1659",-75.7344553044742,69.2617510594895
"1660",-75.7843387522013,69.2873201791513
"1661",-75.9358755574794,69.3435656916705
"1662",-76.3811165449004,69.4754576739744
"1663",-76.4837131334997,69.5251066384734
"1664",-76.4935047700966,69.5452893969385
"1665",-76.4763289818643,69.5630348478068
"1666",-76.4326978085146,69.5788285984065
"1667",-76.2717197096003,69.6129128708715
"1668",-76.2210457444232,69.6344539956498
"1669",-76.2120266589706,69.6571038393512
"1670",-76.2455787348325,69.6801850094283
"1671",-76.3303527481948,69.700090486854
"1672",-76.4378451550926,69.7008945447726
"1673",-76.5604651913749,69.6831576746932
"1674",-76.8299777429164,69.6085876308109
"1675",-76.9054991088524,69.5999345149073
"1676",-76.9632248490099,69.6080993430345
"1677",-77.0113655650859,69.6274751450593
"1678",-77.0189293797781,69.6521191335378
"1679",-76.9851706914009,69.6796016568645
"1680",-76.8964261244828,69.7219107677698
"1681",-76.8853588801824,69.7505497990018
"1682",-76.9203752099574,69.7821430231689
"1683",-77.041845402676,69.8365380238114
"1684",-77.0605662931971,69.8513216614573
"1685",-77.0599644219567,69.8656805593942
"1686",-77.0196929477696,69.9042357875843
"1687",-77.0399858900379,69.9233943403189
"1688",-77.1280926531043,69.951233988259
"1689",-77.1842912572789,69.95221635848
"1690",-77.3340673646001,69.8983458727084
"1691",-77.4998873828957,69.8122103341289
"1692",-77.5579993986254,69.797973105282
"1693",-77.6187794107489,69.79957686345
"1694",-77.6502024793874,69.813220932634
"1695",-77.667198604563,69.8451940275297
"1696",-77.6946690859514,70.0704552128244
"1697",-77.7208280270249,70.1156872931424
"1698",-77.7612791642688,70.1517275980204
"1699",-77.8184928647144,70.1802472743588
"1700",-77.8949215290873,70.2029020398143
"1701",-77.9930445075717,70.2213313894891
"1702",-78.3245857294817,70.2649638271948
"1703",-78.4965681906263,70.2966015520411
"1704",-78.6196823003149,70.3295362130757
"1705",-78.7349541175731,70.3874600422362
"1706",-78.7759262776818,70.3978118362928
"1707",-78.8732856881747,70.4111161546995
"1708",-78.9726752912097,70.4120317124656
"1709",-79.0161807004196,70.4068962271878
"1710",-79.0784519159148,70.392651668041
"1711",-79.0937861578147,70.3762582768775
"1712",-79.0593357666687,70.3515710082494
"1713",-78.8918718314031,70.2698681678462
"1714",-78.8297263800477,70.2199725596408
"1715",-78.7865713137986,70.1658262419159
"1716",-78.763188166953,70.1105658624123
"1717",-78.7603315243495,70.0573516890163
"1718",-78.7787649539796,70.0093913167838
"1719",-78.8192610069878,69.969903439246
"1720",-78.8825832513653,69.9421379432415
"1721",-78.991719575233,69.9196596432305
"1722",-79.2135585346463,69.8947024347118
"1723",-79.3767464891595,69.886258341449
"1724",-79.5404015676204,69.8879789390058
"1725",-79.6676209781574,69.9045753024628
"1726",-79.9280695284822,69.9652599521206
"1727",-80.1258426214339,69.9959757891229
"1728",-80.8403536152697,70.0589540825451
"1729",-81.2272310586815,70.1057549653476
"1730",-81.2847232368651,70.1091324907882
"1731",-81.3540731767992,70.1052658662846
"1732",-81.4435004633333,70.0811756982496
"1733",-81.4504085078681,70.0597016196815
"1734",-81.4291184356345,70.0473423606022
"1735",-81.1377498732303,69.9638996365216
"1736",-81.0348119248231,69.9276432516666
"1737",-80.9533976106233,69.8909193823313
"1738",-80.8959862808153,69.8556130364529
"1739",-80.8650662687359,69.8236247976111
"1740",-80.8631169245693,69.7968718080376
"1741",-80.8926175984998,69.7772715100589
"1742",-80.9560566238643,69.7667422208096
"1743",-81.0149411907384,69.7748927847287
"1744",-81.1164328515382,69.800560151934
"1745",-81.3915149578413,69.8856188733606
"1746",-81.6698220160143,69.9844518846383
"1747",-81.9123222269624,70.094368193466
"1748",-82.0242073955995,70.1314897425779
"1749",-82.3129438942212,70.2031423964199
"1750",-82.5993627394099,70.2526811608453
"1751",-82.7083373665264,70.2622063277154
"1752",-82.7766991596479,70.2578554608964
"1753",-82.8147248456247,70.2445847910461
"1754",-82.8346135460151,70.2308467663994
"1755",-82.8357813558844,70.2162938457641
"1756",-82.7796097011684,70.1833629419807
"1757",-82.6415116925407,70.1430178593088
"1758",-82.2096017039361,70.0342518661885
"1759",-81.8594473893391,69.9178830382949
"1760",-82.0759683222705,69.8817136791949
"1761",-82.2333711263539,69.8733354516677
"1762",-82.3219719628266,69.8756567193388
"1763",-82.5274346346104,69.8937328030501
"1764",-82.9620575353731,69.9573060831568
"1765",-83.1259012600437,69.9720878905957
"1766",-83.3512077164537,69.9789074465496
"1767",-84.0662127836958,69.9854142466237
"1768",-84.3974755278677,69.9976966049131
"1769",-84.5797077664042,70.0150074840412
"1770",-84.8157940062236,70.0450278222137
"1771",-85.2178799273955,70.1104864030409
"1772",-85.4753101383657,70.1348691806287
"1773",-85.5315716246101,70.1341457159087
"1774",-85.5740439712432,70.1268791408356
"1775",-85.6217624791357,70.107784603174
"1776",-85.6133093323121,70.0955181620202
"1777",-85.3432308421416,70.0321506100861
"1778",-85.2762075387934,70.0098243282993
"1779",-85.2664069190437,70.000001046529
"1780",-85.306381949187,69.9868869127576
"1781",-85.3853528458139,69.9802145044325
"1782",-85.6056646692442,69.9832926868479
"1783",-85.8180084361044,70.0033742898139
"1784",-85.887043965689,70.017954675332
"1785",-85.9497014567563,70.0509255550476
"1786",-86.2228162525872,70.1265279602231
"1787",-86.3799854946967,70.186484229361
"1788",-86.479249333592,70.2487563221129
"1789",-86.5029289244814,70.2781031282615
"1790",-86.5070521916355,70.30485304505
"1791",-86.4437928293278,70.3853914657868
"1792",-86.4493084851723,70.4069263511067
"1793",-86.471101613965,70.422524561362
"1794",-86.5070881242468,70.4313211422244
"1795",-86.5552018908643,70.4324494057618
"1796",-86.6133498392053,70.4250348181067
"1797",-86.7695848334194,70.3865735351346
"1798",-86.9165492139013,70.3758600396695
"1799",-87.123377324917,70.343335291648
"1800",-87.6620970008035,70.3007261993914
"1801",-87.9398740529589,70.2626826219299
"1802",-88.0105894321248,70.2619120512523
"1803",-88.0840446729073,70.2770754545011
"1804",-88.1205881386653,70.2968196158326
"1805",-88.0982829701606,70.363082160718
"1806",-88.1106258221644,70.3782433132239
"1807",-88.1621352205558,70.3926998999529
"1808",-88.3520480547715,70.4240536274672
"1809",-88.5035309611326,70.455855038662
"1810",-88.6626136147973,70.5041326622789
"1811",-88.8207171048023,70.5644739594394
"1812",-88.9692894696429,70.6324929760271
"1813",-89.0997607815084,70.7038455574069
"1814",-89.2035611125884,70.7742501102302
"1815",-89.2721205350724,70.8394753779213
"1816",-89.3239443438132,70.958528647631
"1817",-89.4060773102403,70.9921307144689
"1818",-89.4814729120365,71.0384413677256
"1819",-89.4902943681265,71.053622699007
"1820",-89.4748163957811,71.0659359741418
"1821",-89.3863323402953,71.0915000746744
"1822",-89.3156528937408,71.091427298028
"1823",-89.1108100595031,71.0516975973316
"1824",-88.9840757392195,71.0364651535072
"1825",-88.6500102513611,71.0209200001975
"1826",-88.2347640112769,70.9783834699907
"1827",-88.0034029098519,70.9647907233499
"1828",-87.5862612245181,70.9629155320201
"1829",-87.3082056946246,70.9710449581575
"1830",-87.2232430350526,70.9844109578864
"1831",-87.2029860253957,70.9952932455065
"1832",-87.2007582034911,71.0177469663922
"1833",-87.24482955133,71.0388529324325
"1834",-87.2824509954289,71.0480539725586
"1835",-87.4145931737229,71.0655366353658
"1836",-87.5328204482659,71.0882568853893
"1837",-87.875779257437,71.1841840779678
"1838",-88.0155301661875,71.2128463779361
"1839",-88.1853926032616,71.2300408953301
"1840",-88.8574581999228,71.2668714901085
"1841",-89.379055986494,71.3070444017305
"1842",-89.6056829663717,71.3333584932829
"1843",-89.669472334697,71.3452896077728
"1844",-89.801497732004,71.3875826824552
"1845",-89.8463056983759,71.4133350244791
"1846",-89.8796691280281,71.4455971748027
"1847",-89.9201382315777,71.5398355094105
"1848",-89.9530075878236,71.9310858821524
"1849",-89.944725120904,72.0039674730787
"1850",-89.8821305119066,72.0896446781778
"1851",-89.855971570833,72.1545451385811
"1852",-89.8570675154797,72.3759689045611
"1853",-89.8190148800444,72.4635182666971
"1854",-89.7218441157611,72.5653156832882
"1855",-89.4435909565051,72.7986109010419
"1856",-89.3453691633395,72.9035245585572
"1857",-89.2191828153792,73.0619343708741
"1858",-89.1282733086263,73.1418376978648
"1859",-89.0215893854843,73.2082820992793
"1860",-88.8220016956586,73.2964403714031
"1861",-88.5047347036133,73.465254724205
"1862",-88.3067999139104,73.5416240747517
"1863",-88.0743518509916,73.6121970860767
"1864",-87.813157698981,73.6757860530671
"1865",-87.5289756588498,73.7312096332075
"1866",-87.2275818978749,73.777299973227
"1867",-86.9147525833331,73.8128837310358
"1868",-86.5962459161957,73.836782416843
